customer_id,first_name,last_name,email,address,phone
1,Michael,Jordan,qduncan@example.net,"0104 Ramsey Branch, Ashleybury, IA 69086",257.430.8559x58933
2,Matthew,Cox,qromero@example.org,"537 Kendra Rapids, Emilyport, FM 31824",+1-845-689-0749
3,Shirley,Stone,catherineburton@example.org,"827 Tina Plaza Apt. 148, Pattonchester, MN 04850",+1-449-487-5093x356
4,Terry,Gonzalez,taylorkristen@example.com,"7016 Mike Greens, East Howardhaven, MP 64855",478.779.9012
5,Cynthia,Williams,jennifergray@example.org,"439 Andrea Track, Christineshire, CO 74289",358.301.6654x9792
6,Rebecca,Delgado,bcolon@example.net,"7813 Hogan Expressway, Johnsonville, TN 60724",348.308.3404x876
7,Natasha,Fletcher,ymedina@example.com,"311 Sullivan Isle Suite 119, Wardstad, OR 07903",(944)234-3747x7502
8,Anthony,Cline,qmendez@example.com,"65763 Edwards Brooks, Foleyshire, UT 78468",001-397-998-2602x929
9,Robert,Walker,sarahsanders@example.net,"606 Harmon Roads, Jessicahaven, MO 13884",966-381-9277
10,Randall,Wagner,mcurry@example.com,"75147 Michael Burgs, Weberland, PA 29892",838.944.8918x04273
11,Adrian,Salas,colleenspencer@example.org,"132 Donald Extension, North Christopher, OR 52115",(416)748-3515x103
12,Sharon,Davis,kayla68@example.net,"867 Lowe Stream Suite 035, New Shawnaville, NV 76890",915-360-5267
13,Sarah,Perez,fernandezmark@example.org,"09409 Jonathan Fields Apt. 552, South Christina, WY 97716",594-661-6657x4097
14,Richard,Salas,alee@example.com,"957 Victoria Circles Suite 412, East Sarah, NJ 26381",701-899-0483x8573
15,Rhonda,Nunez,znguyen@example.net,"04093 Austin Plaza, South Patriciamouth, ID 12267",968-850-1494x097
16,Jessica,Cook,kingpatricia@example.com,"662 Johnson Ports, East Ann, CO 01499",(566)469-2268x74210
17,Chad,Smith,stonedavid@example.com,"799 Gary Valley Apt. 312, Christinafort, NH 79802",667-692-0677x6558
18,Preston,Carey,hansonalicia@example.org,"190 Pace View, Elizabethshire, WV 19833",4456290675
19,Sherry,Rivera,harristanya@example.net,"USNS Weeks, FPO AP 32704",785.528.5122x938
20,Krystal,Wright,diazomar@example.org,"60758 Jonathan Dam, West Carla, VI 15048",285-516-5834x495
21,Kenneth,Mejia,karen29@example.org,"4143 Kathy Groves Apt. 377, South Deborahshire, FL 14450",(743)363-1338x18645
22,Christopher,Edwards,kaylavaldez@example.net,"05464 Charles Mount Apt. 887, Lucashaven, IA 80447",+1-659-539-2330x09894
23,Vanessa,Vargas,william55@example.org,"06774 Kristy Square Suite 454, Port Margaret, UT 56532",449-765-7423
24,Jerry,Parker,hannahwells@example.com,"8683 Gibson View Apt. 267, East Brandon, TX 59766",+1-481-480-8787
25,Wendy,Todd,joshuaflores@example.net,"USCGC Romero, FPO AP 36511",345.781.3430x237
26,Jessica,Rojas,tracikrueger@example.org,"5221 Lisa Walk, New Rose, SD 73309",+1-591-940-5217x414
27,Claire,Bowen,johnryan@example.org,"704 Julie Burg Suite 247, South Alexander, SC 32923",(382)622-9035x9644
28,Jerry,Williams,tnoble@example.org,"28474 Salazar Center Suite 019, Bradleychester, FL 50102",(383)888-6782x4655
29,Ryan,Davis,awright@example.com,"6843 Mcgrath Springs, East Gregstad, MI 11458",+1-474-849-5304x73184
30,Juan,Vargas,allisonwolf@example.org,"1442 Craig Forges Apt. 148, Port Steven, LA 04639",683-231-3764
